PropertyCode,PropertyName
123,123 Third Ave Building
123dev  ,123 Building- Development
143auror,14333 Aurora Ave N
145horto,145 S Horton
151short,151 S Horton St.
164auror,16430-16450 Aurora Ave N
1750dext,1750 Dexter Ave
19,19th & Mercer
19-c    ,19th & Mercer Commercial
19thl   ,19th Avenue Lofts COA
1b      ,101 Broadway
1b-c    ,101 Broadway Commercial
1c      ,1st & Columbia Garage
200wh   ,200 West Highland HOA
211636th,2116 36th St
223t    ,223 Taylor
325,325 Westlake Apartments
33001st ,3300 1st Ave S
33011st ,3301 1st Ave
34081st ,3408 1st Ave
3516mcd ,3516 McDougall
400f    ,400 Fairview
400f-adj,
400f2   ,T-C SK/400 Fairview Owner LLC
403921st,4039 21st Ave
405521st,4055 21st Ave
41216ave,4121 6th Ave
421smich,421 S Michigan
481017th,4810 17th Ave
4910lear,4910 Leary Ave
4b      ,400 Blaine
511b    ,511 Boren
560215th,5602 15th Ave NW
58211st ,5821 1st Ave
601smich,601 S Michigan
63,Townhomes at NW 63rd
7c      ,7000 Campus Living
8421gree,8421 Greenwood
8m      ,80 Main Apartments
9t      ,9th & Thomas
a111    ,Alley 111
a111-c  ,Alley111 - Commercial
a4      ,Alaska 45
ab      ,Alley Building
ah      ,Arthouse
am      ,Anthem Apartments
am-c    ,Anthem - Commercial
an      ,Anhalt Apartments
ar      ,Arrive
as      ,Ascona Apartments
b10     ,Bellevue 10
ba      ,Ballard Public
ba-c    ,Ballard Public - Commercial
bb      ,Barclay Broadway
bb-c    ,Barclay Broadway Commercial
bc      ,215 Boston Street
bd      ,Broadcast
bd-c    ,Broadcast Commercial
be      ,Belroy Apartments 
be-c    ,Belroy - Commercial
bp      ,Broadway Place
bp-c    ,Broadway Place
br      ,Boulders on the River
btor    ,"Blanton Turner, LLC"
btwa    ,"B-T Washington, LLC"
bw      ,Broadway Market Residential
ca      ,Chloe Apartments
ca-c    ,Chloe - Commercial
ca-p    ,Chloe - Parking
ce      ,The Central
ce-c    ,The Central - Commercial
cf      ,Conifer Place
ch      ,Cedar Hills
ck      ,Clark Apartments
cl      ,10 Clay Apartments
cl-c    ,Ainsworth & Dunn Building
cm      ,Campus Apartments
cn      ,Clarendon
cn-c    ,Clarendon Commercial
co      ,The Commons at Ballard
co-c    ,The Commons at Ballard - Commercial/ 5601 22nd LLC
cp      ,The Capri
cp-c    ,The Capri Commercial
cq      ,Cora Queen Anne
cq-c    ,Cora Queen Anne Commercial
cr      ,Craft Apartments
cr-c    ,Craft - Commercial
cr2     ,Craft Apartments
cr2-c   ,Craft Commercial
cs      ,Chalet
ct      ,Centennial Apartments
de      ,Decibel
dh      ,Dexter Hayes
dh-c    ,Dexter Hayes Commercial
dummy   ,Dummy properties
dx      ,DXU Apartments
eastlake,Eastlake & Lynn LLC
eh      ,East Howe Steps
fv      ,Franco Villa
ga      ,The Gatsby
gf      ,Greenfire Apartments
gf-c    ,Greenfire Office
hb      ,Hahn Building
he      ,Henry
heh     ,Broadway Apartments LLC
hw      ,Hollywood Lofts
hw-c    ,Hollywood Lofts - Commercial
ih      ,Impact Hub
in      ,Iron Flats North
iv      ,Ivy Apartments
iw      ,Iron Flats
ja      ,Jasper Apartments
ja-adj  ,Japser 91 LLC Adjustment
ja-c    ,Jasper Commercial
je      ,Jet on Boylston
jk      ,Jackson Street
jk-c    ,Jackson Street - Commercial
kc      ,Kings Court
ke      ,Keelson Ballard
kn      ,Kirin Apartments
kn-c    ,Kirin - Commercial 
la      ,Latitude Queen Anne
ld      ,Landes Apartments
ld-c    ,Landes Commercial
le      ,Lexicon
lh      ,Laurelhurst Apartments
lk      ,Lake Building
ll      ,Lawrence Lofts
ll-c    ,Lawrence Lofts - Commercial
ma      ,Malmo Apartments
mc      ,Madison Crossing
mc-c    ,Madison Crossing Commercial
mi      ,Millennium Park
mo      ,Flora Flats
mp      ,The Shea
mp-c    ,Mercer Professional - Commercial
ms      ,Madison Square
mu      ,Muir Apartments
mu-c    ,Muir Apartments
mv      ,Marysville Office Building
nb      ,N Habit - Belltown
nb-c    ,N Habit - Belltown - Commercial
nl      ,Northlake Office Building
nm      ,Nimbus
nope    ,CFLP Yardhouse
pa      ,The Packard
pa-c    ,The Packard - Commercial
pc      ,Pacific Crest
pf      ,Portofino Apartments
pf-c    ,Portofino Commercial
pi      ,Pioneer Building
pm-c    ,Publix MT Commercial
pn      ,The Parsonage
po      ,Publix Owner Residential
po-c    ,Publix Owner Commercial
pr      ,Prexy
pr2     ,Prexy
publ-adj,Publix- adjustment
pv      ,Pivot Apartments
pv-c    ,Pivot Commercial
pw      ,Pineview Apartments
qu      ,Quilt Building
qu-adj  ,Quilt-lender adj
qu-c    ,Quilt Building - Commercial
ra      ,Raleigh Ridge
ra-c    ,Raleigh Ridge Commercial
red1727 ,Redmond 17275 LLC
ri      ,Aria Apartments
ri-c    ,Aria Commercial
ro      ,Rooster
ro-c    ,Rooster Commercial
rp      ,Rainier Place
rp-c    ,Rainier Place - Commercial
rr      ,"Redmond Plaza, LLC"
rr2     ,"Redmond Plaza II, LLC"
rt      ,Redtown Apartments
ru      ,(Old) Russell Hall
ru2     ,Russell Hall
ru2-c   ,Russell Hall - Commercial
rv      ,Reverb Apartments
rx      ,Rubix
rx-c    ,Rubix - Commercial
s1      ,Shoreline 185 LLC
sa      ,Saxonia
sc      ,Stencil Apartments
sc-c    ,Stencil - Commercial
se      ,Session
se-c    ,Session Commercial
sl      ,Slater 116
sl-c    ,Slater 116 - Commercial
sm      ,Surrey on Main
so      ,SODO Urban Works
sp      ,Snohomish Pioneer Building
st      ,Starlight Apartments
t1      ,The 104
tc      ,Titan Court
td      ,The Douglas
td-c    ,The Douglas - Commercial
th-c    ,Thornton Place - Commercial
thp     ,Thornton Place
to      ,Theo Apartments
tp      ,The Pearl
tp-c    ,The Pearl - Commercial
u2      ,Uwajimaya Tea House
uf      ,Uwajimaya Food Court
um      ,University Manor
um-c    ,University Manor-Commercial
up      ,UPlace
ur      ,Urbane
ur-c    ,Urbane Commercial
ve      ,Verve Apartments
ve-c    ,Verve Apartments Commercial
vh      ,Vi Hilbert Hall
vh-c    ,Vi Hilbert Hall Commercial
vm      ,Village Manor
vti     ,Val Thomas Inc
wc      ,White Center Preservation LLC
we      ,Westwater
we-c    ,Westwater Commercial
wm      ,(Old) 524 5th Avenue West
wm2     ,524 5th Avenue West 
wp      ,Westlake Place
wt      ,Waterton
wt-c    ,Waterton Commercial
ww      ,Whitworth Apartments
yh      ,(Old) Yardhouse
yh2     ,Yardhouse Apartments
yo      ,Yobi Apartments
zbwm-ltd,[Limited]Broadway Market Residential
zdummy  ,
ze      ,Zella